start_point_id,end_point_id,distance
VD1,WH1,21.78630113498868
VD1,TP1,19.701204958751934
VD1,TP10,20.35836716966114
WH1,VD1,21.78630113498868
WH1,WH1,0.0
WH1,TP1,16.933017740116433
WH1,TP10,17.52738439906155
TP1,VD1,19.701204958751934
TP1,WH1,16.933017740116433
TP1,TP1,0.0
TP1,TP10,0.7429971445684742
TP10,VD1,20.35836716966114
TP10,WH1,17.52738439906155
TP10,TP1,0.7429971445684742
TP10,TP10,0.0
