start_point_id,end_point_id,distance
VD1,WH1,22.164901094827076
VD1,TP1,25.218132706310172
WH1,VD1,22.164901094827076
WH1,WH1,0.0
WH1,TP1,13.678169480843671
TP1,VD1,25.218132706310172
TP1,WH1,13.678169480843671
TP1,TP1,0.0
