start_point_id,end_point_id,distance
VD2,WH2,16.385432256718243
VD2,TP2,11.375689502860672
WH2,VD2,16.385432256718243
WH2,WH2,0.0
WH2,TP2,24.980783195529316
TP2,VD2,11.375689502860672
TP2,WH2,24.980783195529316
TP2,TP2,0.0
