start_point_id,end_point_id,distance
VD3,TP1,15.640541893733822
VD3,TP2,9.074587173276333
VD3,TP3,9.074587173276333
TP1,VD3,15.640541893733822
TP1,TP1,0.0
TP1,TP2,24.647184477777042
TP1,TP3,16.91625924458471
TP2,VD3,9.074587173276333
TP2,TP1,24.647184477777042
TP2,TP2,0.0
TP2,TP3,13.058448293842577
TP3,VD3,9.074587173276333
TP3,TP1,16.91625924458471
TP3,TP2,13.058448293842577
TP3,TP3,0.0
