start_point_id,end_point_id,distance
VD1,WH1,7.059758693524868
VD1,NP1,23.650478588438443
WH1,VD1,7.059758693524868
WH1,WH1,0.0
WH1,NP1,30.658816196312145
NP1,VD1,23.650478588438443
NP1,WH1,30.658816196312145
NP1,NP1,0.0
