start_point_id,end_point_id,distance
VD2,TP1,29.206179102733312
VD2,NP2,15.534591382695979
TP1,VD2,29.206179102733312
TP1,TP1,0.0
TP1,NP2,18.469992411335664
NP2,VD2,15.534591382695979
NP2,TP1,18.469992411335664
NP2,NP2,0.0
