start_point_id,end_point_id,distance
VD1,WH1,6.751713196337697
VD1,TP1,20.700818446376193
WH1,VD1,6.751713196337697
WH1,WH1,0.0
WH1,TP1,14.335995300063825
TP1,VD1,20.700818446376193
TP1,WH1,14.335995300063825
TP1,TP1,0.0
