start_point_id,end_point_id,distance
VD1,TP1,0.24345934916648448
VD1,TP2,4.264809330089853
VD1,TP3,5.514262609610076
TP1,VD1,0.24345934916648448
TP1,TP1,0.0
TP1,TP2,4.3863724048792605
TP1,TP3,5.621283271568698
TP2,VD1,4.264809330089853
TP2,TP1,4.3863724048792605
TP2,TP2,0.0
TP2,TP3,1.3010934822822522
TP3,VD1,5.514262609610076
TP3,TP1,5.621283271568698
TP3,TP2,1.3010934822822522
TP3,TP3,0.0
