start_point_id,end_point_id,distance
VD1,TP1,2.1762347379369795
VD1,TP2,37.94200383234412
VD1,TP3,49.05469606411411
TP1,VD1,2.1762347379369795
TP1,TP1,0.0
TP1,TP2,39.03160391949256
TP1,TP3,50.00573641835856
TP2,VD1,37.94200383234412
TP2,TP1,39.03160391949256
TP2,TP2,0.0
TP2,TP3,11.60365652335088
TP3,VD1,49.05469606411411
TP3,TP1,50.00573641835856
TP3,TP2,11.60365652335088
TP3,TP3,0.0
