start_point_id,end_point_id,distance
VD1,TP1,0.24335101110734775
VD1,TP2,4.265049289141728
VD1,TP3,5.5147600429509
TP1,VD1,0.24335101110734775
TP1,TP1,0.0
TP1,TP2,4.386270157776123
TP1,TP3,5.621451528164896
TP2,VD1,4.265049289141728
TP2,TP1,4.386270157776123
TP2,TP2,0.0
TP2,TP3,1.3012390290596463
TP3,VD1,5.5147600429509
TP3,TP1,5.621451528164896
TP3,TP2,1.3012390290596463
TP3,TP3,0.0
