start_point_id,end_point_id,distance
VD3,TP1,1.1895814528026394
VD3,TP2,1.2975971830269253
VD3,TP3,1.2975971830269253
TP1,VD3,1.1895814528026394
TP1,TP1,0.0
TP1,TP2,2.4355108234942855
TP1,TP3,2.0866983548877616
TP2,VD3,1.2975971830269253
TP2,TP1,2.4355108234942855
TP2,TP2,0.0
TP2,TP3,1.8798859625742048
TP3,VD3,1.2975971830269253
TP3,TP1,2.0866983548877616
TP3,TP2,1.8798859625742048
TP3,TP3,0.0
