start_point_id,end_point_id,distance
VD1,WH1,3.1291116414408684
VD1,TP1,2.8684325620436595
WH1,VD1,3.1291116414408684
WH1,WH1,0.0
WH1,TP1,2.463490233018264
TP1,VD1,2.8684325620436595
TP1,WH1,2.463490233018264
TP1,TP1,0.0
