start_point_id,end_point_id,distance
VD5,TP4,1.440246537538759
VD5,TP5,0.9310042989476248
TP4,VD5,1.440246537538759
TP4,TP4,0.0
TP4,TP5,1.6035560988941882
TP5,VD5,0.9310042989476248
TP5,TP4,1.6035560988941882
TP5,TP5,0.0
