start_point_id,end_point_id,distance
VD2,WH2,2.1428571420000004
VD2,TP2,1.621824661052912
VD2,TP4,0.7570628512814582
WH2,VD2,2.1428571420000004
WH2,WH2,0.0
WH2,TP2,3.054940873588399
WH2,TP4,2.686912250365653
TP2,VD2,1.621824661052912
TP2,WH2,3.054940873588399
TP2,TP2,0.0
TP2,TP4,2.1554550086573028
TP4,VD2,0.7570628512814582
TP4,WH2,2.686912250365653
TP4,TP2,2.1554550086573028
TP4,TP4,0.0
