start_point_id,end_point_id,distance
VD4,TP3,2.5
VD4,NP6,0.5178197127565324
VD4,RC2,1.8951658063640535
TP3,VD4,2.5
TP3,TP3,0.0
TP3,NP6,3.0049208471342843
TP3,RC2,1.494548945312803
NP6,VD4,0.5178197127565324
NP6,TP3,3.0049208471342843
NP6,NP6,0.0
NP6,RC2,2.386740309207088
RC2,VD4,1.8951658063640535
RC2,TP3,1.494548945312803
RC2,NP6,2.386740309207088
RC2,RC2,0.0
