Vehicle Type,Remarks/Comments,CC1D
VT2A,,1.428571429
VT2B,,1.428571429
VT3,,0.714285714
VT4B,,0.428571429
VT4C,,0.428571429
