start_point_id,end_point_id,distance
VD3,TP1,1.1878288537820054
VD3,TP2,1.296966030020813
VD3,TP3,1.296966030020813
TP1,VD3,1.1878288537820054
TP1,TP1,0.0
TP1,TP2,2.4350587506224377
TP1,TP3,2.0785589011902665
TP2,VD3,1.296966030020813
TP2,TP1,2.4350587506224377
TP2,TP2,0.0
TP2,TP3,1.8725961042158756
TP3,VD3,1.296966030020813
TP3,TP1,2.0785589011902665
TP3,TP2,1.8725961042158756
TP3,TP3,0.0
