start_point_id,end_point_id,distance
VD5,TP4,1.4430292357461065
VD5,TP5,0.9327463062006311
TP4,VD5,1.4430292357461065
TP4,TP4,0.0
TP4,TP5,1.6042780970639048
TP5,VD5,0.9327463062006311
TP5,TP4,1.6042780970639048
TP5,TP5,0.0
