start_point_id,end_point_id,distance
VD1,WH1,3.1123287337429493
VD1,TP1,2.861280884032622
WH1,VD1,3.1123287337429493
WH1,WH1,0.0
WH1,TP1,2.461203850169644
TP1,VD1,2.861280884032622
TP1,WH1,2.461203850169644
TP1,TP1,0.0
