start_point_id,end_point_id,distance
VD2,WH2,2.1428571420000004
VD2,TP2,1.6174379706216764
VD2,TP4,0.7503010795929425
WH2,VD2,2.1428571420000004
WH2,WH2,0.0
WH2,TP2,3.0291197401960246
WH2,TP4,2.6777123918472574
TP2,VD2,1.6174379706216764
TP2,WH2,3.0291197401960246
TP2,TP2,0.0
TP2,TP4,2.1539034725178645
TP4,VD2,0.7503010795929425
TP4,WH2,2.6777123918472574
TP4,TP2,2.1539034725178645
TP4,TP4,0.0
