start_point_id,end_point_id,distance
VD1,WH1,21.903781488882533
VD1,TP1,25.18527497498532
WH1,VD1,21.903781488882533
WH1,WH1,0.0
WH1,TP1,13.511062026875706
TP1,VD1,25.18527497498532
TP1,WH1,13.511062026875706
TP1,TP1,0.0
