start_point_id,end_point_id,distance
VD3,TP1,15.6288861665536
VD3,TP2,9.072586393987068
VD3,TP3,9.072586393987068
TP1,VD3,15.6288861665536
TP1,TP1,0.0
TP1,TP2,24.633830135148443
TP1,TP3,16.901016825910542
TP2,VD3,9.072586393987068
TP2,TP1,24.633830135148443
TP2,TP2,0.0
TP2,TP3,13.034060192284912
TP3,VD3,9.072586393987068
TP3,TP1,16.901016825910542
TP3,TP2,13.034060192284912
TP3,TP3,0.0
