start_point_id,end_point_id,distance
VD2,TP1,19.1049731745428
VD2,NP1,16.401219466856727
VD2,NP2,32.973474187595095
TP1,VD2,19.1049731745428
TP1,TP1,0.0
TP1,NP1,17.4928556845359
TP1,NP2,23.13547060251855
NP1,VD2,16.401219466856727
NP1,TP1,17.4928556845359
NP1,NP1,0.0
NP1,NP2,39.702015062210634
NP2,VD2,32.973474187595095
NP2,TP1,23.13547060251855
NP2,NP1,39.702015062210634
NP2,NP2,0.0
