start_point_id,end_point_id,distance
VD2,WH2,15.0
VD2,TP2,11.352772622864636
VD2,TP4,5.299439959419593
WH2,VD2,15.0
WH2,WH2,0.0
WH2,TP2,21.384586116013583
WH2,TP4,18.80838575648384
TP2,VD2,11.352772622864636
TP2,WH2,21.384586116013583
TP2,TP2,0.0
TP2,TP4,15.088185059455608
TP4,VD2,5.299439959419593
TP4,WH2,18.80838575648384
TP4,TP2,15.088185059455608
TP4,TP4,0.0
