start_point_id,end_point_id,distance
VD1,WH1,21.903781488882533
VD1,TP1,20.079027934402227
WH1,VD1,21.903781488882533
WH1,WH1,0.0
WH1,TP1,17.24443162920743
TP1,VD1,20.079027934402227
TP1,WH1,17.24443162920743
TP1,TP1,0.0
