start_point_id,end_point_id,distance
VD3,TP1,8.327070174822595
VD3,TP2,9.083180279050769
VD3,TP3,9.083180279050769
TP1,VD3,8.327070174822595
TP1,TP1,0.0
TP1,TP2,17.048575768360546
TP1,TP3,14.606888484383996
TP2,VD3,9.083180279050769
TP2,TP1,17.048575768360546
TP2,TP2,0.0
TP2,TP3,13.15920173498875
TP3,VD3,9.083180279050769
TP3,TP1,14.606888484383996
TP3,TP2,13.15920173498875
TP3,TP3,0.0
