start_point_id,end_point_id,distance
VD5,TP4,10.081725762771311
VD5,TP5,6.517030096142456
TP4,VD5,10.081725762771311
TP4,TP4,0.0
TP4,TP5,11.224892694781722
TP5,VD5,6.517030096142456
TP5,TP4,11.224892694781722
TP5,TP5,0.0
