start_point_id,end_point_id,distance
VD1,WH1,21.78630113498868
VD1,TP1,19.701204958751934
VD1,TP20,31.603595424156893
WH1,VD1,21.78630113498868
WH1,WH1,0.0
WH1,TP1,16.933017740116433
WH1,TP20,34.56641828184629
TP1,VD1,19.701204958751934
TP1,WH1,16.933017740116433
TP1,TP1,0.0
TP1,TP20,17.6353897453495
TP20,VD1,31.603595424156893
TP20,WH1,34.56641828184629
TP20,TP1,17.6353897453495
TP20,TP20,0.0
