start_point_id,end_point_id,distance
VD1,TP1,0.2438737299222249
VD1,TP2,4.309049806645042
VD1,TP3,5.573630307977714
TP1,VD1,0.2438737299222249
TP1,TP1,0.0
TP1,TP2,4.427616111685449
TP1,TP3,5.678470399667049
TP2,VD1,4.309049806645042
TP2,TP1,4.427616111685449
TP2,TP2,0.0
TP2,TP3,1.3127823957358689
TP3,VD1,5.573630307977714
TP3,TP1,5.678470399667049
TP3,TP2,1.3127823957358689
TP3,TP3,0.0
