start_point_id,end_point_id,distance
VD2,WH2,16.268390982315182
VD2,TP2,17.979703221598545
VD2,RC2,20.813500542828887
WH2,VD2,16.268390982315182
WH2,WH2,0.0
WH2,TP2,16.255270012447287
WH2,RC2,9.797718181741306
TP2,VD2,17.979703221598545
TP2,WH2,16.255270012447287
TP2,TP2,0.0
TP2,RC2,11.973315251582404
RC2,VD2,20.813500542828887
RC2,WH2,9.797718181741306
RC2,TP2,11.973315251582404
RC2,RC2,0.0
