start_point_id,end_point_id,distance
VD3,TP1,16.689225440478374
VD3,TP2,9.268289511646618
VD3,TP3,23.031291440375327
TP1,VD3,16.689225440478374
TP1,TP1,0.0
TP1,TP2,24.636282182544743
TP1,TP3,15.138013098656685
TP2,VD3,9.268289511646618
TP2,TP1,24.636282182544743
TP2,TP2,0.0
TP2,TP3,26.471101295207397
TP3,VD3,23.031291440375327
TP3,TP1,15.138013098656685
TP3,TP2,26.471101295207397
TP3,TP3,0.0
