start_point_id,end_point_id,distance
VD4,TP5,0.31294955083329207
VD4,TP6,9.487456754503626
VD5,TP5,9.393112419504455
VD5,TP6,0.0014373660444599232
TP5,VD4,0.31294955083329207
TP5,VD5,9.393112419504455
TP5,TP5,0.0
TP5,TP6,9.392844140357369
TP6,VD4,9.487456754503626
TP6,VD5,0.0014373660444599232
TP6,TP5,9.392844140357369
TP6,TP6,0.0
