start_point_id,end_point_id,distance
VD2,WH2,16.268390982315182
VD2,TP2,11.333232766401478
WH2,VD2,16.268390982315182
WH2,WH2,0.0
WH2,TP2,24.668265524514254
TP2,VD2,11.333232766401478
TP2,WH2,24.668265524514254
TP2,TP2,0.0
