start_point_id,end_point_id,distance
VD2,TP1,10.000000000000002
VD2,TP2,38.050942412335004
TP1,VD2,10.000000000000002
TP1,TP1,0.0
TP1,TP2,41.346940413103454
TP2,VD2,38.050942412335004
TP2,TP1,41.346940413103454
TP2,TP2,0.0
