start_point_id,end_point_id,distance
VD6,TP4,27.718940119881307
VD6,TP5,33.881190320387354
VD6,TP6,20.944766762880526
TP4,VD6,27.718940119881307
TP4,TP4,0.0
TP4,TP5,20.0
TP4,TP6,33.24886938439745
TP5,VD6,33.881190320387354
TP5,TP4,20.0
TP5,TP5,0.0
TP5,TP6,22.755445878231985
TP6,VD6,20.944766762880526
TP6,TP4,33.24886938439745
TP6,TP5,22.755445878231985
TP6,TP6,0.0
